{
  "prepare_queue": {
    "installed": [],
    "uninstalled": []
  },
  "config_munge": {
    "files": {
      "config.xml": {
        "parents": {
          "/*": [
            {
              "xml": "<feature name=\"Camera\"><param name=\"browser-package\" value=\"Camera\" /></feature>",
              "count": 1
            },
            {
              "xml": "<feature name=\"Device\"><param name=\"browser-package\" value=\"Device\" /></feature>",
              "count": 1
            }
          ]
        }
      }
    }
  },
  "installed_plugins": {
    "com-badrit-base64": {
      "PACKAGE_NAME": "io.ionic.starterdeb"
    },
    "com-sarriaroman-photoviewer": {
      "PACKAGE_NAME": "io.ionic.starterdeb"
    },
    "cordova-plugin-add-swift-support": {
      "PACKAGE_NAME": "io.ionic.starterdeb"
    },
    "cordova-plugin-android-permissions": {
      "PACKAGE_NAME": "io.ionic.starterdeb"
    },
    "cordova-plugin-app-version": {
      "PACKAGE_NAME": "io.ionic.starterdeb"
    },
    "cordova-plugin-background-geolocation": {
      "PACKAGE_NAME": "io.ionic.starterdeb"
    },
    "cordova-plugin-battery-status": {
      "PACKAGE_NAME": "io.ionic.starterdeb"
    },
    "cordova-plugin-camera": {
      "PACKAGE_NAME": "io.ionic.starterdeb"
    },
    "cordova-plugin-device": {
      "PACKAGE_NAME": "io.ionic.starterdeb"
    },
    "cordova-plugin-file": {
      "PACKAGE_NAME": "io.ionic.starterdeb"
    },
    "cordova-plugin-geolocation": {
      "GPS_REQUIRED": "true",
      "PACKAGE_NAME": "io.ionic.starterdeb"
    },
    "cordova-plugin-ionic-keyboard": {
      "PACKAGE_NAME": "io.ionic.starterdeb"
    },
    "cordova-plugin-ionic-webview": {
      "PACKAGE_NAME": "io.ionic.starterdeb"
    },
    "cordova-plugin-nativegeocoder": {
      "PACKAGE_NAME": "io.ionic.starterdeb"
    },
    "cordova-plugin-network-information": {
      "PACKAGE_NAME": "io.ionic.starterdeb"
    },
    "cordova-plugin-request-location-accuracy": {
      "PACKAGE_NAME": "io.ionic.starterdeb"
    },
    "cordova-plugin-splashscreen": {
      "PACKAGE_NAME": "io.ionic.starterdeb"
    },
    "cordova-plugin-statusbar": {
      "PACKAGE_NAME": "io.ionic.starterdeb"
    },
    "cordova-plugin-whitelist": {
      "PACKAGE_NAME": "io.ionic.starterdeb"
    }
  },
  "dependent_plugins": {},
  "modules": [
    {
      "file": "plugins/com-badrit-base64/www/Base64.js",
      "id": "com-badrit-base64.Base64",
      "pluginId": "com-badrit-base64",
      "clobbers": [
        "navigator.Base64"
      ]
    },
    {
      "file": "plugins/com-sarriaroman-photoviewer/www/PhotoViewer.js",
      "id": "com-sarriaroman-photoviewer.PhotoViewer",
      "pluginId": "com-sarriaroman-photoviewer",
      "clobbers": [
        "PhotoViewer"
      ]
    },
    {
      "file": "plugins/cordova-plugin-android-permissions/www/permissions-dummy.js",
      "id": "cordova-plugin-android-permissions.Permissions",
      "pluginId": "cordova-plugin-android-permissions",
      "clobbers": [
        "cordova.plugins.permissions"
      ]
    },
    {
      "file": "plugins/cordova-plugin-app-version/www/AppVersionPlugin.js",
      "id": "cordova-plugin-app-version.AppVersionPlugin",
      "pluginId": "cordova-plugin-app-version",
      "clobbers": [
        "cordova.getAppVersion"
      ]
    },
    {
      "file": "plugins/cordova-plugin-app-version/src/browser/AppVersionProxy.js",
      "id": "cordova-plugin-app-version.AppVersionProxy",
      "pluginId": "cordova-plugin-app-version",
      "runs": true
    },
    {
      "file": "plugins/cordova-plugin-background-geolocation/www/BackgroundGeolocation.js",
      "id": "cordova-plugin-background-geolocation.BackgroundGeolocation",
      "pluginId": "cordova-plugin-background-geolocation",
      "clobbers": [
        "BackgroundGeolocation"
      ]
    },
    {
      "file": "plugins/cordova-plugin-background-geolocation/www/radio.js",
      "id": "cordova-plugin-background-geolocation.radio",
      "pluginId": "cordova-plugin-background-geolocation"
    },
    {
      "file": "plugins/cordova-plugin-battery-status/www/battery.js",
      "id": "cordova-plugin-battery-status.battery",
      "pluginId": "cordova-plugin-battery-status",
      "clobbers": [
        "navigator.battery"
      ]
    },
    {
      "file": "plugins/cordova-plugin-battery-status/src/browser/BatteryProxy.js",
      "id": "cordova-plugin-battery-status.Battery",
      "pluginId": "cordova-plugin-battery-status",
      "runs": true
    },
    {
      "file": "plugins/cordova-plugin-camera/www/CameraConstants.js",
      "id": "cordova-plugin-camera.Camera",
      "pluginId": "cordova-plugin-camera",
      "clobbers": [
        "Camera"
      ]
    },
    {
      "file": "plugins/cordova-plugin-camera/www/CameraPopoverOptions.js",
      "id": "cordova-plugin-camera.CameraPopoverOptions",
      "pluginId": "cordova-plugin-camera",
      "clobbers": [
        "CameraPopoverOptions"
      ]
    },
    {
      "file": "plugins/cordova-plugin-camera/www/Camera.js",
      "id": "cordova-plugin-camera.camera",
      "pluginId": "cordova-plugin-camera",
      "clobbers": [
        "navigator.camera"
      ]
    },
    {
      "file": "plugins/cordova-plugin-camera/src/browser/CameraProxy.js",
      "id": "cordova-plugin-camera.CameraProxy",
      "pluginId": "cordova-plugin-camera",
      "runs": true
    },
    {
      "file": "plugins/cordova-plugin-device/www/device.js",
      "id": "cordova-plugin-device.device",
      "pluginId": "cordova-plugin-device",
      "clobbers": [
        "device"
      ]
    },
    {
      "file": "plugins/cordova-plugin-device/src/browser/DeviceProxy.js",
      "id": "cordova-plugin-device.DeviceProxy",
      "pluginId": "cordova-plugin-device",
      "runs": true
    },
    {
      "file": "plugins/cordova-plugin-file/www/DirectoryEntry.js",
      "id": "cordova-plugin-file.DirectoryEntry",
      "pluginId": "cordova-plugin-file",
      "clobbers": [
        "window.DirectoryEntry"
      ]
    },
    {
      "file": "plugins/cordova-plugin-file/www/DirectoryReader.js",
      "id": "cordova-plugin-file.DirectoryReader",
      "pluginId": "cordova-plugin-file",
      "clobbers": [
        "window.DirectoryReader"
      ]
    },
    {
      "file": "plugins/cordova-plugin-file/www/Entry.js",
      "id": "cordova-plugin-file.Entry",
      "pluginId": "cordova-plugin-file",
      "clobbers": [
        "window.Entry"
      ]
    },
    {
      "file": "plugins/cordova-plugin-file/www/File.js",
      "id": "cordova-plugin-file.File",
      "pluginId": "cordova-plugin-file",
      "clobbers": [
        "window.File"
      ]
    },
    {
      "file": "plugins/cordova-plugin-file/www/FileEntry.js",
      "id": "cordova-plugin-file.FileEntry",
      "pluginId": "cordova-plugin-file",
      "clobbers": [
        "window.FileEntry"
      ]
    },
    {
      "file": "plugins/cordova-plugin-file/www/FileError.js",
      "id": "cordova-plugin-file.FileError",
      "pluginId": "cordova-plugin-file",
      "clobbers": [
        "window.FileError"
      ]
    },
    {
      "file": "plugins/cordova-plugin-file/www/FileReader.js",
      "id": "cordova-plugin-file.FileReader",
      "pluginId": "cordova-plugin-file",
      "clobbers": [
        "window.FileReader"
      ]
    },
    {
      "file": "plugins/cordova-plugin-file/www/FileSystem.js",
      "id": "cordova-plugin-file.FileSystem",
      "pluginId": "cordova-plugin-file",
      "clobbers": [
        "window.FileSystem"
      ]
    },
    {
      "file": "plugins/cordova-plugin-file/www/FileUploadOptions.js",
      "id": "cordova-plugin-file.FileUploadOptions",
      "pluginId": "cordova-plugin-file",
      "clobbers": [
        "window.FileUploadOptions"
      ]
    },
    {
      "file": "plugins/cordova-plugin-file/www/FileUploadResult.js",
      "id": "cordova-plugin-file.FileUploadResult",
      "pluginId": "cordova-plugin-file",
      "clobbers": [
        "window.FileUploadResult"
      ]
    },
    {
      "file": "plugins/cordova-plugin-file/www/FileWriter.js",
      "id": "cordova-plugin-file.FileWriter",
      "pluginId": "cordova-plugin-file",
      "clobbers": [
        "window.FileWriter"
      ]
    },
    {
      "file": "plugins/cordova-plugin-file/www/Flags.js",
      "id": "cordova-plugin-file.Flags",
      "pluginId": "cordova-plugin-file",
      "clobbers": [
        "window.Flags"
      ]
    },
    {
      "file": "plugins/cordova-plugin-file/www/LocalFileSystem.js",
      "id": "cordova-plugin-file.LocalFileSystem",
      "pluginId": "cordova-plugin-file",
      "clobbers": [
        "window.LocalFileSystem"
      ],
      "merges": [
        "window"
      ]
    },
    {
      "file": "plugins/cordova-plugin-file/www/Metadata.js",
      "id": "cordova-plugin-file.Metadata",
      "pluginId": "cordova-plugin-file",
      "clobbers": [
        "window.Metadata"
      ]
    },
    {
      "file": "plugins/cordova-plugin-file/www/ProgressEvent.js",
      "id": "cordova-plugin-file.ProgressEvent",
      "pluginId": "cordova-plugin-file",
      "clobbers": [
        "window.ProgressEvent"
      ]
    },
    {
      "file": "plugins/cordova-plugin-file/www/fileSystems.js",
      "id": "cordova-plugin-file.fileSystems",
      "pluginId": "cordova-plugin-file"
    },
    {
      "file": "plugins/cordova-plugin-file/www/requestFileSystem.js",
      "id": "cordova-plugin-file.requestFileSystem",
      "pluginId": "cordova-plugin-file",
      "clobbers": [
        "window.requestFileSystem"
      ]
    },
    {
      "file": "plugins/cordova-plugin-file/www/resolveLocalFileSystemURI.js",
      "id": "cordova-plugin-file.resolveLocalFileSystemURI",
      "pluginId": "cordova-plugin-file",
      "merges": [
        "window"
      ]
    },
    {
      "file": "plugins/cordova-plugin-file/www/browser/isChrome.js",
      "id": "cordova-plugin-file.isChrome",
      "pluginId": "cordova-plugin-file",
      "runs": true
    },
    {
      "file": "plugins/cordova-plugin-file/www/browser/Preparing.js",
      "id": "cordova-plugin-file.Preparing",
      "pluginId": "cordova-plugin-file",
      "runs": true
    },
    {
      "file": "plugins/cordova-plugin-file/src/browser/FileProxy.js",
      "id": "cordova-plugin-file.browserFileProxy",
      "pluginId": "cordova-plugin-file",
      "runs": true
    },
    {
      "file": "plugins/cordova-plugin-file/www/fileSystemPaths.js",
      "id": "cordova-plugin-file.fileSystemPaths",
      "pluginId": "cordova-plugin-file",
      "merges": [
        "cordova"
      ],
      "runs": true
    },
    {
      "file": "plugins/cordova-plugin-file/www/browser/FileSystem.js",
      "id": "cordova-plugin-file.firefoxFileSystem",
      "pluginId": "cordova-plugin-file",
      "merges": [
        "window.FileSystem"
      ]
    },
    {
      "file": "plugins/cordova-plugin-ionic-webview/src/www/util.js",
      "id": "cordova-plugin-ionic-webview.IonicWebView",
      "pluginId": "cordova-plugin-ionic-webview",
      "clobbers": [
        "Ionic.WebView"
      ]
    },
    {
      "file": "plugins/cordova-plugin-nativegeocoder/www/NativeGeocoder.js",
      "id": "cordova-plugin-nativegeocoder.NativeGeocoder",
      "pluginId": "cordova-plugin-nativegeocoder",
      "clobbers": [
        "nativegeocoder"
      ]
    },
    {
      "file": "plugins/cordova-plugin-network-information/www/network.js",
      "id": "cordova-plugin-network-information.network",
      "pluginId": "cordova-plugin-network-information",
      "clobbers": [
        "navigator.connection"
      ]
    },
    {
      "file": "plugins/cordova-plugin-network-information/www/Connection.js",
      "id": "cordova-plugin-network-information.Connection",
      "pluginId": "cordova-plugin-network-information",
      "clobbers": [
        "Connection"
      ]
    },
    {
      "file": "plugins/cordova-plugin-network-information/src/browser/network.js",
      "id": "cordova-plugin-network-information.NetworkInfoProxy",
      "pluginId": "cordova-plugin-network-information",
      "runs": true
    },
    {
      "file": "plugins/cordova-plugin-splashscreen/www/splashscreen.js",
      "id": "cordova-plugin-splashscreen.SplashScreen",
      "pluginId": "cordova-plugin-splashscreen",
      "clobbers": [
        "navigator.splashscreen"
      ]
    },
    {
      "file": "plugins/cordova-plugin-splashscreen/src/browser/SplashScreenProxy.js",
      "id": "cordova-plugin-splashscreen.SplashScreenProxy",
      "pluginId": "cordova-plugin-splashscreen",
      "runs": true
    },
    {
      "file": "plugins/cordova-plugin-statusbar/www/statusbar.js",
      "id": "cordova-plugin-statusbar.statusbar",
      "pluginId": "cordova-plugin-statusbar",
      "clobbers": [
        "window.StatusBar"
      ]
    },
    {
      "file": "plugins/cordova-plugin-statusbar/src/browser/StatusBarProxy.js",
      "id": "cordova-plugin-statusbar.StatusBarProxy",
      "pluginId": "cordova-plugin-statusbar",
      "runs": true
    }
  ],
  "plugin_metadata": {
    "com-badrit-base64": "0.2.0",
    "com-sarriaroman-photoviewer": "1.2.4",
    "cordova-plugin-add-swift-support": "2.0.2",
    "cordova-plugin-android-permissions": "1.1.2",
    "cordova-plugin-app-version": "0.1.12",
    "cordova-plugin-background-geolocation": "3.1.0",
    "cordova-plugin-battery-status": "2.0.3",
    "cordova-plugin-camera": "5.0.3",
    "cordova-plugin-device": "2.0.2",
    "cordova-plugin-file": "6.0.2",
    "cordova-plugin-geolocation": "4.1.0",
    "cordova-plugin-ionic-keyboard": "2.2.0",
    "cordova-plugin-ionic-webview": "5.0.0",
    "cordova-plugin-nativegeocoder": "3.4.1",
    "cordova-plugin-network-information": "3.0.0",
    "cordova-plugin-request-location-accuracy": "2.3.0",
    "cordova-plugin-splashscreen": "5.0.2",
    "cordova-plugin-statusbar": "2.4.2",
    "cordova-plugin-whitelist": "1.3.3"
  }
}
