{
  "prepare_queue": {
    "installed": [],
    "uninstalled": []
  },
  "config_munge": {
    "files": {
      "app/src/main/AndroidManifest.xml": {
        "parents": {
          "/manifest/application": [
            {
              "xml": "<application android:networkSecurityConfig=\"@xml/network_security_config\" />",
              "count": 1,
              "mode": "merge",
              "id": "config.xml",
              "oldAttrib": {
                "android:hardwareAccelerated": "true",
                "android:icon": "@mipmap/ic_launcher",
                "android:label": "@string/app_name",
                "android:networkSecurityConfig": "@xml/network_security_config",
                "android:supportsRtl": "true"
              }
            }
          ]
        }
      },
      "res/xml/config.xml": {
        "parents": {
          "/*": [
            {
              "xml": "<feature name=\"Base64\"><param name=\"android-package\" value=\"com.badrit.Base64.Base64Plugin\" /></feature>",
              "count": 1
            },
            {
              "xml": "<feature name=\"PhotoViewer\"><param name=\"android-package\" value=\"com.sarriaroman.PhotoViewer.PhotoViewer\" /></feature>",
              "count": 1
            },
            {
              "xml": "<feature name=\"Permissions\"><param name=\"android-package\" value=\"com.android.plugins.Permissions\" /></feature>",
              "count": 1
            },
            {
              "xml": "<feature name=\"AppVersion\"><param name=\"android-package\" value=\"uk.co.whiteoctober.cordova.AppVersion\" /></feature>",
              "count": 1
            },
            {
              "xml": "<feature name=\"BackgroundGeolocation\"><param name=\"android-package\" value=\"com.tenforwardconsulting.bgloc.cordova.BackgroundGeolocationPlugin\" /></feature>",
              "count": 1
            },
            {
              "xml": "<feature name=\"Battery\"><param name=\"android-package\" value=\"org.apache.cordova.batterystatus.BatteryListener\" /></feature>",
              "count": 1
            },
            {
              "xml": "<feature name=\"Camera\"><param name=\"android-package\" value=\"org.apache.cordova.camera.CameraLauncher\" /></feature>",
              "count": 1
            },
            {
              "xml": "<feature name=\"Device\"><param name=\"android-package\" value=\"org.apache.cordova.device.Device\" /></feature>",
              "count": 1
            },
            {
              "xml": "<feature name=\"File\"><param name=\"android-package\" value=\"org.apache.cordova.file.FileUtils\" /><param name=\"onload\" value=\"true\" /></feature>",
              "count": 1
            },
            {
              "xml": "<allow-navigation href=\"cdvfile:*\" />",
              "count": 1
            },
            {
              "xml": "<feature name=\"Geolocation\"><param name=\"android-package\" value=\"org.apache.cordova.geolocation.Geolocation\" /></feature>",
              "count": 1
            },
            {
              "xml": "<feature name=\"NativeGeocoder\"><param name=\"android-package\" value=\"cordova.plugin.nativegeocoder.NativeGeocoder\" /></feature>",
              "count": 1
            },
            {
              "xml": "<feature name=\"NetworkStatus\"><param name=\"android-package\" value=\"org.apache.cordova.networkinformation.NetworkManager\" /></feature>",
              "count": 1
            },
            {
              "xml": "<feature name=\"SplashScreen\"><param name=\"android-package\" value=\"org.apache.cordova.splashscreen.SplashScreen\" /><param name=\"onload\" value=\"true\" /></feature>",
              "count": 1
            },
            {
              "xml": "<feature name=\"StatusBar\"><param name=\"android-package\" value=\"org.apache.cordova.statusbar.StatusBar\" /><param name=\"onload\" value=\"true\" /></feature>",
              "count": 1
            },
            {
              "xml": "<feature name=\"Whitelist\"><param name=\"android-package\" value=\"org.apache.cordova.whitelist.WhitelistPlugin\" /><param name=\"onload\" value=\"true\" /></feature>",
              "count": 1
            }
          ]
        }
      },
      "AndroidManifest.xml": {
        "parents": {
          "/manifest/application": [
            {
              "xml": "<activity android:name=\"com.sarriaroman.PhotoViewer.PhotoActivity\" android:theme=\"@android:style/Theme.Holo.NoActionBar.Fullscreen\" />",
              "count": 1
            },
            {
              "xml": "<meta-data android:name=\"com.google.android.gms.version\" android:value=\"@integer/google_play_services_version\" />",
              "count": 1
            },
            {
              "xml": "<service android:exported=\"true\" android:name=\"com.marianhello.bgloc.sync.SyncService\" android:process=\":sync\"><intent-filter><action android:name=\"android.content.SyncAdapter\" /></intent-filter><meta-data android:name=\"android.content.SyncAdapter\" android:resource=\"@xml/syncadapter\" /></service>",
              "count": 1
            },
            {
              "xml": "<service android:name=\"com.marianhello.bgloc.sync.AuthenticatorService\"><intent-filter><action android:name=\"android.accounts.AccountAuthenticator\" /></intent-filter><meta-data android:name=\"android.accounts.AccountAuthenticator\" android:resource=\"@xml/authenticator\" /></service>",
              "count": 1
            },
            {
              "xml": "<provider android:authorities=\"@string/mauron85_bgloc_content_authority\" android:exported=\"false\" android:name=\"com.marianhello.bgloc.data.provider.LocationContentProvider\" android:syncable=\"true\" />",
              "count": 1
            },
            {
              "xml": "<service android:enabled=\"true\" android:exported=\"false\" android:name=\"com.marianhello.bgloc.service.LocationServiceImpl\" />",
              "count": 1
            },
            {
              "xml": "<receiver android:enabled=\"true\" android:exported=\"true\" android:name=\"com.marianhello.bgloc.BootCompletedReceiver\"><intent-filter><action android:name=\"android.intent.action.BOOT_COMPLETED\" /></intent-filter></receiver>",
              "count": 1
            }
          ],
          "/manifest": [
            {
              "xml": "<uses-permission android:name=\"android.permission.INTERNET\" />",
              "count": 2
            },
            {
              "xml": "<uses-permission android:name=\"android.permission.WRITE_EXTERNAL_STORAGE\" />",
              "count": 1
            },
            {
              "xml": "<uses-permission android:name=\"android.permission.READ_EXTERNAL_STORAGE\" />",
              "count": 1
            },
            {
              "xml": "<uses-permission android:name=\"android.permission.AUTHENTICATE_ACCOUNTS\" />",
              "count": 1
            },
            {
              "xml": "<uses-permission android:name=\"android.permission.READ_SYNC_SETTINGS\" />",
              "count": 1
            },
            {
              "xml": "<uses-permission android:name=\"android.permission.WRITE_SYNC_SETTINGS\" />",
              "count": 1
            },
            {
              "xml": "<uses-permission android:name=\"android.permission.RECEIVE_BOOT_COMPLETED\" />",
              "count": 1
            },
            {
              "xml": "<uses-permission android:name=\"com.google.android.gms.permission.ACTIVITY_RECOGNITION\" />",
              "count": 1
            },
            {
              "xml": "<uses-permission android:name=\"android.permission.ACCESS_NETWORK_STATE\" />",
              "count": 1
            },
            {
              "xml": "<uses-permission android:name=\"android.permission.ACCESS_COARSE_LOCATION\" />",
              "count": 1
            },
            {
              "xml": "<uses-permission android:name=\"android.permission.ACCESS_FINE_LOCATION\" />",
              "count": 1
            },
            {
              "xml": "<uses-permission android:name=\"android.permission.ACCESS_LOCATION_EXTRA_COMMANDS\" />",
              "count": 1
            },
            {
              "xml": "<uses-permission android:name=\"android.permission.WAKE_LOCK\" />",
              "count": 1
            },
            {
              "xml": "<uses-permission android:name=\"android.permission.FOREGROUND_SERVICE\" />",
              "count": 1
            },
            {
              "xml": "<uses-permission android:name=\"android.hardware.location\" />",
              "count": 1
            }
          ],
          "/*": [
            {
              "xml": "<uses-permission android:name=\"android.permission.WRITE_EXTERNAL_STORAGE\" />",
              "count": 2
            },
            {
              "xml": "<uses-permission android:name=\"android.permission.ACCESS_COARSE_LOCATION\" />",
              "count": 1
            },
            {
              "xml": "<uses-permission android:name=\"android.permission.ACCESS_FINE_LOCATION\" />",
              "count": 1
            },
            {
              "xml": "<uses-feature android:name=\"android.hardware.location.gps\" android:required=\"true\" />",
              "count": 1
            },
            {
              "xml": "<uses-permission android:name=\"android.permission.INTERNET\" />",
              "count": 1
            },
            {
              "xml": "<uses-permission android:name=\"android.permission.ACCESS_NETWORK_STATE\" />",
              "count": 2
            }
          ],
          "application": [
            {
              "xml": "<provider android:authorities=\"${applicationId}.cordova.plugin.camera.provider\" android:exported=\"false\" android:grantUriPermissions=\"true\" android:name=\"org.apache.cordova.camera.FileProvider\"><meta-data android:name=\"android.support.FILE_PROVIDER_PATHS\" android:resource=\"@xml/camera_provider_paths\" /></provider>",
              "count": 1
            }
          ]
        }
      },
      "res/values/strings.xml": {
        "parents": {
          "/resources": [
            {
              "xml": "<string name=\"mauron85_bgloc_account_name\">@string/app_name</string>",
              "count": 1
            },
            {
              "xml": "<string name=\"mauron85_bgloc_account_type\">io.ionic.startersdu.account</string>",
              "count": 1
            },
            {
              "xml": "<string name=\"mauron85_bgloc_content_authority\">io.ionic.startersdu</string>",
              "count": 1
            }
          ]
        }
      },
      "res/xml/authenticator.xml": {
        "parents": {
          "/*": [
            {
              "xml": "<account-authenticator android:accountType=\"@string/mauron85_bgloc_account_type\" android:icon=\"@mipmap/icon\" android:label=\"@string/app_name\" android:smallIcon=\"@mipmap/icon\" xmlns:android=\"http://schemas.android.com/apk/res/android\" />",
              "count": 1,
              "mode": "overwrite",
              "plugin": "cordova-plugin-background-geolocation",
              "oldAttrib": {
                "android:accountType": "@string/mauron85_bgloc_account_type",
                "android:icon": "@mipmap/icon",
                "android:label": "@string/app_name",
                "android:smallIcon": "@mipmap/icon",
                "xmlns:android": "http://schemas.android.com/apk/res/android"
              }
            }
          ]
        }
      },
      "res/xml/syncadapter.xml": {
        "parents": {
          "/*": [
            {
              "xml": "<sync-adapter android:accountType=\"@string/mauron85_bgloc_account_type\" android:allowParallelSyncs=\"false\" android:contentAuthority=\"@string/mauron85_bgloc_content_authority\" android:isAlwaysSyncable=\"true\" android:supportsUploading=\"true\" android:userVisible=\"false\" xmlns:android=\"http://schemas.android.com/apk/res/android\" />",
              "count": 1,
              "mode": "overwrite",
              "plugin": "cordova-plugin-background-geolocation",
              "oldAttrib": {
                "android:accountType": "@string/mauron85_bgloc_account_type",
                "android:allowParallelSyncs": "false",
                "android:contentAuthority": "@string/mauron85_bgloc_content_authority",
                "android:isAlwaysSyncable": "true",
                "android:supportsUploading": "true",
                "android:userVisible": "false",
                "xmlns:android": "http://schemas.android.com/apk/res/android"
              }
            }
          ]
        }
      },
      "config.xml": {
        "parents": {
          "/*": [
            {
              "xml": "<feature name=\"CDVIonicKeyboard\"><param name=\"android-package\" onload=\"true\" value=\"io.ionic.keyboard.CDVIonicKeyboard\" /></feature>",
              "count": 1
            },
            {
              "xml": "<allow-navigation href=\"http://localhost/*\" />",
              "count": 1
            },
            {
              "xml": "<allow-navigation href=\"https://localhost/*\" />",
              "count": 1
            },
            {
              "xml": "<allow-navigation href=\"ionic://*\" />",
              "count": 1
            },
            {
              "xml": "<preference name=\"webView\" value=\"com.ionicframework.cordova.webview.IonicWebViewEngine\" />",
              "count": 1
            },
            {
              "xml": "<feature name=\"IonicWebView\"><param name=\"android-package\" value=\"com.ionicframework.cordova.webview.IonicWebView\" /></feature>",
              "count": 1
            },
            {
              "xml": "<feature name=\"RequestLocationAccuracy\"><param name=\"android-package\" value=\"cordova.plugin.RequestLocationAccuracy\" /></feature>",
              "count": 1
            }
          ]
        }
      }
    }
  },
  "installed_plugins": {
    "com-badrit-base64": {
      "PACKAGE_NAME": "io.ionic.startersdu"
    },
    "com-sarriaroman-photoviewer": {
      "PACKAGE_NAME": "io.ionic.startersdu"
    },
    "cordova-plugin-add-swift-support": {
      "PACKAGE_NAME": "io.ionic.startersdu"
    },
    "cordova-plugin-android-permissions": {
      "PACKAGE_NAME": "io.ionic.startersdu"
    },
    "cordova-plugin-app-version": {
      "PACKAGE_NAME": "io.ionic.startersdu"
    },
    "cordova-plugin-background-geolocation": {
      "GOOGLE_PLAY_SERVICES_VERSION": "11+",
      "ANDROID_SUPPORT_LIBRARY_VERSION": "26+",
      "ICON": "@mipmap/icon",
      "SMALL_ICON": "@mipmap/icon",
      "ACCOUNT_NAME": "@string/app_name",
      "ACCOUNT_LABEL": "@string/app_name",
      "ACCOUNT_TYPE": "$PACKAGE_NAME.account",
      "CONTENT_AUTHORITY": "$PACKAGE_NAME",
      "PACKAGE_NAME": "io.ionic.startersdu"
    },
    "cordova-plugin-battery-status": {
      "PACKAGE_NAME": "io.ionic.startersdu"
    },
    "cordova-plugin-camera": {
      "ANDROID_SUPPORT_V4_VERSION": "27.+",
      "PACKAGE_NAME": "io.ionic.startersdu"
    },
    "cordova-plugin-device": {
      "PACKAGE_NAME": "io.ionic.startersdu"
    },
    "cordova-plugin-file": {
      "PACKAGE_NAME": "io.ionic.startersdu"
    },
    "cordova-plugin-geolocation": {
      "GPS_REQUIRED": "true",
      "PACKAGE_NAME": "io.ionic.startersdu"
    },
    "cordova-plugin-ionic-keyboard": {
      "PACKAGE_NAME": "io.ionic.startersdu"
    },
    "cordova-plugin-ionic-webview": {
      "PACKAGE_NAME": "io.ionic.startersdu"
    },
    "cordova-plugin-nativegeocoder": {
      "PACKAGE_NAME": "io.ionic.startersdu"
    },
    "cordova-plugin-network-information": {
      "PACKAGE_NAME": "io.ionic.startersdu"
    },
    "cordova-plugin-request-location-accuracy": {
      "PLAY_SERVICES_LOCATION_VERSION": "16.+",
      "PACKAGE_NAME": "io.ionic.startersdu"
    },
    "cordova-plugin-splashscreen": {
      "PACKAGE_NAME": "io.ionic.startersdu"
    },
    "cordova-plugin-statusbar": {
      "PACKAGE_NAME": "io.ionic.startersdu"
    },
    "cordova-plugin-whitelist": {
      "PACKAGE_NAME": "io.ionic.startersdu"
    }
  },
  "dependent_plugins": {},
  "modules": [
    {
      "id": "com-badrit-base64.Base64",
      "file": "plugins/com-badrit-base64/www/Base64.js",
      "pluginId": "com-badrit-base64",
      "clobbers": [
        "navigator.Base64"
      ]
    },
    {
      "id": "com-sarriaroman-photoviewer.PhotoViewer",
      "file": "plugins/com-sarriaroman-photoviewer/www/PhotoViewer.js",
      "pluginId": "com-sarriaroman-photoviewer",
      "clobbers": [
        "PhotoViewer"
      ]
    },
    {
      "id": "cordova-plugin-android-permissions.Permissions",
      "file": "plugins/cordova-plugin-android-permissions/www/permissions.js",
      "pluginId": "cordova-plugin-android-permissions",
      "clobbers": [
        "cordova.plugins.permissions"
      ]
    },
    {
      "id": "cordova-plugin-app-version.AppVersionPlugin",
      "file": "plugins/cordova-plugin-app-version/www/AppVersionPlugin.js",
      "pluginId": "cordova-plugin-app-version",
      "clobbers": [
        "cordova.getAppVersion"
      ]
    },
    {
      "id": "cordova-plugin-background-geolocation.BackgroundGeolocation",
      "file": "plugins/cordova-plugin-background-geolocation/www/BackgroundGeolocation.js",
      "pluginId": "cordova-plugin-background-geolocation",
      "clobbers": [
        "BackgroundGeolocation"
      ]
    },
    {
      "id": "cordova-plugin-background-geolocation.radio",
      "file": "plugins/cordova-plugin-background-geolocation/www/radio.js",
      "pluginId": "cordova-plugin-background-geolocation"
    },
    {
      "id": "cordova-plugin-battery-status.battery",
      "file": "plugins/cordova-plugin-battery-status/www/battery.js",
      "pluginId": "cordova-plugin-battery-status",
      "clobbers": [
        "navigator.battery"
      ]
    },
    {
      "id": "cordova-plugin-camera.Camera",
      "file": "plugins/cordova-plugin-camera/www/CameraConstants.js",
      "pluginId": "cordova-plugin-camera",
      "clobbers": [
        "Camera"
      ]
    },
    {
      "id": "cordova-plugin-camera.CameraPopoverOptions",
      "file": "plugins/cordova-plugin-camera/www/CameraPopoverOptions.js",
      "pluginId": "cordova-plugin-camera",
      "clobbers": [
        "CameraPopoverOptions"
      ]
    },
    {
      "id": "cordova-plugin-camera.camera",
      "file": "plugins/cordova-plugin-camera/www/Camera.js",
      "pluginId": "cordova-plugin-camera",
      "clobbers": [
        "navigator.camera"
      ]
    },
    {
      "id": "cordova-plugin-camera.CameraPopoverHandle",
      "file": "plugins/cordova-plugin-camera/www/CameraPopoverHandle.js",
      "pluginId": "cordova-plugin-camera",
      "clobbers": [
        "CameraPopoverHandle"
      ]
    },
    {
      "id": "cordova-plugin-device.device",
      "file": "plugins/cordova-plugin-device/www/device.js",
      "pluginId": "cordova-plugin-device",
      "clobbers": [
        "device"
      ]
    },
    {
      "id": "cordova-plugin-file.DirectoryEntry",
      "file": "plugins/cordova-plugin-file/www/DirectoryEntry.js",
      "pluginId": "cordova-plugin-file",
      "clobbers": [
        "window.DirectoryEntry"
      ]
    },
    {
      "id": "cordova-plugin-file.DirectoryReader",
      "file": "plugins/cordova-plugin-file/www/DirectoryReader.js",
      "pluginId": "cordova-plugin-file",
      "clobbers": [
        "window.DirectoryReader"
      ]
    },
    {
      "id": "cordova-plugin-file.Entry",
      "file": "plugins/cordova-plugin-file/www/Entry.js",
      "pluginId": "cordova-plugin-file",
      "clobbers": [
        "window.Entry"
      ]
    },
    {
      "id": "cordova-plugin-file.File",
      "file": "plugins/cordova-plugin-file/www/File.js",
      "pluginId": "cordova-plugin-file",
      "clobbers": [
        "window.File"
      ]
    },
    {
      "id": "cordova-plugin-file.FileEntry",
      "file": "plugins/cordova-plugin-file/www/FileEntry.js",
      "pluginId": "cordova-plugin-file",
      "clobbers": [
        "window.FileEntry"
      ]
    },
    {
      "id": "cordova-plugin-file.FileError",
      "file": "plugins/cordova-plugin-file/www/FileError.js",
      "pluginId": "cordova-plugin-file",
      "clobbers": [
        "window.FileError"
      ]
    },
    {
      "id": "cordova-plugin-file.FileReader",
      "file": "plugins/cordova-plugin-file/www/FileReader.js",
      "pluginId": "cordova-plugin-file",
      "clobbers": [
        "window.FileReader"
      ]
    },
    {
      "id": "cordova-plugin-file.FileSystem",
      "file": "plugins/cordova-plugin-file/www/FileSystem.js",
      "pluginId": "cordova-plugin-file",
      "clobbers": [
        "window.FileSystem"
      ]
    },
    {
      "id": "cordova-plugin-file.FileUploadOptions",
      "file": "plugins/cordova-plugin-file/www/FileUploadOptions.js",
      "pluginId": "cordova-plugin-file",
      "clobbers": [
        "window.FileUploadOptions"
      ]
    },
    {
      "id": "cordova-plugin-file.FileUploadResult",
      "file": "plugins/cordova-plugin-file/www/FileUploadResult.js",
      "pluginId": "cordova-plugin-file",
      "clobbers": [
        "window.FileUploadResult"
      ]
    },
    {
      "id": "cordova-plugin-file.FileWriter",
      "file": "plugins/cordova-plugin-file/www/FileWriter.js",
      "pluginId": "cordova-plugin-file",
      "clobbers": [
        "window.FileWriter"
      ]
    },
    {
      "id": "cordova-plugin-file.Flags",
      "file": "plugins/cordova-plugin-file/www/Flags.js",
      "pluginId": "cordova-plugin-file",
      "clobbers": [
        "window.Flags"
      ]
    },
    {
      "id": "cordova-plugin-file.LocalFileSystem",
      "file": "plugins/cordova-plugin-file/www/LocalFileSystem.js",
      "pluginId": "cordova-plugin-file",
      "clobbers": [
        "window.LocalFileSystem"
      ],
      "merges": [
        "window"
      ]
    },
    {
      "id": "cordova-plugin-file.Metadata",
      "file": "plugins/cordova-plugin-file/www/Metadata.js",
      "pluginId": "cordova-plugin-file",
      "clobbers": [
        "window.Metadata"
      ]
    },
    {
      "id": "cordova-plugin-file.ProgressEvent",
      "file": "plugins/cordova-plugin-file/www/ProgressEvent.js",
      "pluginId": "cordova-plugin-file",
      "clobbers": [
        "window.ProgressEvent"
      ]
    },
    {
      "id": "cordova-plugin-file.fileSystems",
      "file": "plugins/cordova-plugin-file/www/fileSystems.js",
      "pluginId": "cordova-plugin-file"
    },
    {
      "id": "cordova-plugin-file.requestFileSystem",
      "file": "plugins/cordova-plugin-file/www/requestFileSystem.js",
      "pluginId": "cordova-plugin-file",
      "clobbers": [
        "window.requestFileSystem"
      ]
    },
    {
      "id": "cordova-plugin-file.resolveLocalFileSystemURI",
      "file": "plugins/cordova-plugin-file/www/resolveLocalFileSystemURI.js",
      "pluginId": "cordova-plugin-file",
      "merges": [
        "window"
      ]
    },
    {
      "id": "cordova-plugin-file.isChrome",
      "file": "plugins/cordova-plugin-file/www/browser/isChrome.js",
      "pluginId": "cordova-plugin-file",
      "runs": true
    },
    {
      "id": "cordova-plugin-file.androidFileSystem",
      "file": "plugins/cordova-plugin-file/www/android/FileSystem.js",
      "pluginId": "cordova-plugin-file",
      "merges": [
        "FileSystem"
      ]
    },
    {
      "id": "cordova-plugin-file.fileSystems-roots",
      "file": "plugins/cordova-plugin-file/www/fileSystems-roots.js",
      "pluginId": "cordova-plugin-file",
      "runs": true
    },
    {
      "id": "cordova-plugin-file.fileSystemPaths",
      "file": "plugins/cordova-plugin-file/www/fileSystemPaths.js",
      "pluginId": "cordova-plugin-file",
      "merges": [
        "cordova"
      ],
      "runs": true
    },
    {
      "id": "cordova-plugin-geolocation.geolocation",
      "file": "plugins/cordova-plugin-geolocation/www/android/geolocation.js",
      "pluginId": "cordova-plugin-geolocation",
      "clobbers": [
        "navigator.geolocation"
      ]
    },
    {
      "id": "cordova-plugin-geolocation.PositionError",
      "file": "plugins/cordova-plugin-geolocation/www/PositionError.js",
      "pluginId": "cordova-plugin-geolocation",
      "runs": true
    },
    {
      "id": "cordova-plugin-ionic-keyboard.keyboard",
      "file": "plugins/cordova-plugin-ionic-keyboard/www/android/keyboard.js",
      "pluginId": "cordova-plugin-ionic-keyboard",
      "clobbers": [
        "window.Keyboard"
      ]
    },
    {
      "id": "cordova-plugin-ionic-webview.IonicWebView",
      "file": "plugins/cordova-plugin-ionic-webview/src/www/util.js",
      "pluginId": "cordova-plugin-ionic-webview",
      "clobbers": [
        "Ionic.WebView"
      ]
    },
    {
      "id": "cordova-plugin-nativegeocoder.NativeGeocoder",
      "file": "plugins/cordova-plugin-nativegeocoder/www/NativeGeocoder.js",
      "pluginId": "cordova-plugin-nativegeocoder",
      "clobbers": [
        "nativegeocoder"
      ]
    },
    {
      "id": "cordova-plugin-network-information.network",
      "file": "plugins/cordova-plugin-network-information/www/network.js",
      "pluginId": "cordova-plugin-network-information",
      "clobbers": [
        "navigator.connection"
      ]
    },
    {
      "id": "cordova-plugin-network-information.Connection",
      "file": "plugins/cordova-plugin-network-information/www/Connection.js",
      "pluginId": "cordova-plugin-network-information",
      "clobbers": [
        "Connection"
      ]
    },
    {
      "id": "cordova-plugin-request-location-accuracy.RequestLocationAccuracy",
      "file": "plugins/cordova-plugin-request-location-accuracy/www/android/RequestLocationAccuracy.js",
      "pluginId": "cordova-plugin-request-location-accuracy",
      "clobbers": [
        "cordova.plugins.locationAccuracy"
      ]
    },
    {
      "id": "cordova-plugin-splashscreen.SplashScreen",
      "file": "plugins/cordova-plugin-splashscreen/www/splashscreen.js",
      "pluginId": "cordova-plugin-splashscreen",
      "clobbers": [
        "navigator.splashscreen"
      ]
    },
    {
      "id": "cordova-plugin-statusbar.statusbar",
      "file": "plugins/cordova-plugin-statusbar/www/statusbar.js",
      "pluginId": "cordova-plugin-statusbar",
      "clobbers": [
        "window.StatusBar"
      ]
    }
  ],
  "plugin_metadata": {
    "com-badrit-base64": "0.2.0",
    "com-sarriaroman-photoviewer": "1.2.4",
    "cordova-plugin-add-swift-support": "2.0.2",
    "cordova-plugin-android-permissions": "1.1.2",
    "cordova-plugin-app-version": "0.1.12",
    "cordova-plugin-background-geolocation": "3.1.0",
    "cordova-plugin-battery-status": "2.0.3",
    "cordova-plugin-camera": "5.0.3",
    "cordova-plugin-device": "2.0.2",
    "cordova-plugin-file": "6.0.2",
    "cordova-plugin-geolocation": "4.1.0",
    "cordova-plugin-ionic-keyboard": "2.2.0",
    "cordova-plugin-ionic-webview": "5.0.0",
    "cordova-plugin-nativegeocoder": "3.4.1",
    "cordova-plugin-network-information": "3.0.0",
    "cordova-plugin-request-location-accuracy": "2.3.0",
    "cordova-plugin-splashscreen": "5.0.2",
    "cordova-plugin-statusbar": "2.4.2",
    "cordova-plugin-whitelist": "1.3.3"
  }
}
